{"cameraMode":{"drawMode":0,"name":"Shaded","section":"Shading Mode"},"sceneLighting":false,"audioPlay":false,"sceneViewState":{"m_AlwaysRefresh":false,"showFog":true,"showSkybox":false,"showFlares":true,"showImageEffects":true,"showParticleSystems":true,"showVisualEffectGraphs":true,"m_FxEnabled":true},"in2DMode":false,"pivot":{"x":56.214229583740237,"y":81.62844848632813,"z":-4.270913124084473},"rotation":{"x":0.005249762907624245,"y":0.005999860353767872,"z":-0.00003149561598547734,"w":0.9999659061431885},"size":96.95964050292969,"orthographic":true}