{"cameraMode":{"drawMode":0,"name":"Shaded","section":"Shading Mode"},"sceneLighting":false,"audioPlay":false,"sceneViewState":{"m_AlwaysRefresh":false,"showFog":true,"showSkybox":false,"showFlares":true,"showImageEffects":true,"showParticleSystems":true,"showVisualEffectGraphs":true,"m_FxEnabled":true},"in2DMode":false,"pivot":{"x":50.00029754638672,"y":2.3859198093414308,"z":0.05392390489578247},"rotation":{"x":0.005249762907624245,"y":0.005999860353767872,"z":-0.00003149561598547734,"w":0.9999659061431885},"size":16.297666549682618,"orthographic":true}